timestamp_now,artist,followers_now,popularity_now,timestamp_prev,followers_prev,popularity_prev,followers_delta_%
2026-10-03 11:08:50.250168+00:00,KNEECAP,582564,63,2026-10-02 11:55:36.824768+00:00,582301,63,0.04516564457213709
2026-10-03 11:08:50.359921+00:00,CMAT,274303,62,2026-10-02 11:55:36.919586+00:00,273950,62,0.12885563058952362
2026-10-03 11:08:50.463943+00:00,NewDad,221494,55,2026-10-02 11:55:37.006841+00:00,221397,55,0.043812698455715296
2026-10-03 11:08:50.552404+00:00,SELLO,7710,18,2026-10-02 11:55:37.085573+00:00,7711,18,-0.012968486577616392
2026-10-03 11:08:50.644893+00:00,Aby Coulibaly,17329,30,2026-10-02 11:55:37.177437+00:00,17329,30,0.0
2026-10-03 11:08:50.744884+00:00,Inhaler,553292,58,2026-10-02 11:55:37.404319+00:00,553171,58,0.021873887098202906
2026-10-03 11:08:50.823964+00:00,MOIO,73612,44,2026-10-02 11:55:37.485207+00:00,73600,44,0.016304347826086956
2026-10-03 11:08:50.905318+00:00,Monjola,13343,25,2026-10-02 11:55:37.585975+00:00,13341,25,0.014991379956524999
2026-10-03 11:08:50.991685+00:00,Fizzy Orange,6425,29,2026-10-02 11:55:37.675418+00:00,6421,29,0.06229559258682448
2026-10-03 11:08:51.073629+00:00,Annie-Dog,2042,6,2026-10-02 11:55:37.760188+00:00,2041,6,0.04899559039686428
2026-10-03 11:08:51.159032+00:00,Kojaque,56568,36,2026-10-02 11:55:37.839166+00:00,56554,36,0.024755101319093257
